COD_CEL;TYP_CEL;LIGNE_DEB_CEL;ETA_RESULTAT_CEL;NBR_BV_CEL;LIB_CEL;NUM_UTIL
001;"CER ";12;P;44;CER BAGOUE (BOUNDIALI);11
002;"CED ";12;P;22;CED DIANRA;11
003;CESP;12;P;18;CESP KAOUARA;11
004;CESP;12;P;21;CESP YAKASSE-ME;11
005;CESP;12;P;57;CESP BIANKOUMA;11
006;CESP;12;P;54;CESP SEGUELA;11
007;CESP;12;P;34;CESP MEAGUI;11
008;CESP;12;V;52;CESP DIABO;11
009;"CED ";12;P;14;CED MADINANI;11
010;CESP;12;P;38;CESP TOUPAH;NULL
011;CESP;12;P;22;CESP DIAMBA;NULL
012;CESP;12;P;16;CESP KANAKONO;NULL
013;CESP;12;P;38;CESP TIORO;NULL
014;"CED ";12;P;62;CED VAVOUA;NULL
015;"CED ";12;P;28;CED TAABO;NULL
016;CESP;12;P;17;CESP GALEBRE;NULL
017;"CER ";12;P;108;CER NAWA (SOUBRE);NULL
018;"CEC ";12;P;85;CEC ABOBO 04;NULL
019;CESP;12;P;30;CESP BAKO;NULL
020;"CER ";12;P;55;CER HAMBOL (KATIOLA);NULL
021;CESP;12;P;15;CESP ABENGOUROU;NULL
022;CESP;12;P;32;CESP SIFIE;NULL
023;"CEC ";12;P;113;CEC ABOBO 05;NULL
024;CESP;12;P;24;CESP MARABADJASSA;NULL
025;CESP;12;P;44;CESP DIAWALA;NULL
026;CESP;12;P;23;CESP TIASSALE;NULL
027;CESP;12;P;13;CESP SEGUELON;NULL
028;CESP;12;P;25;CESP KOUNAHIRI;NULL
029;CESP;12;P;34;"CESP TIE-NDIEKRO ";NULL
030;"CED ";12;P;46;CED ZUENOULA;NULL
031;"CEC ";12;P;93;CEC YOPOUGON 11;NULL
032;CESP;12;P;10;CESP TANGUELAN;NULL
033;CESP;12;P;23;CESP SIANHALA;NULL
034;CESP;12;P;38;CESP SIRASSO;NULL
035;CESP;12;P;19;CESP DJIBROSSO;NULL
036;"CEC ";12;P;86;CEC ABOBO 10;NULL
037;CESP;12;P;22;CESP TAPEGUIA;NULL
038;CESP;12;P;11;CESP PEHE;NULL
039;"CEC ";12;P;127;CEC DALOA 01;NULL
040;CESP;12;P;7;CESP BAKOUBLY;NULL
041;CESP;12;P;26;"CESP GBON ";NULL
042;"CER ";12;P;72;CER ME (ADZOPE );NULL
043;CESP;12;P;7;CESP YEZIMALA;NULL
044;CESP;12;P;8;CESP SOKORO-SOKOURANI;NULL
045;"CEC ";12;P;116;CEC KORHOGO 01;NULL
046;CESP;12;P;28;CESP TONLA;NULL
047;CESP;12;P;52;CESP BOUAKE;NULL
048;CESP;12;V;21;CESP MOLONOU;NULL
049;"CED ";12;P;30;CED TABOU;NULL
050;"CEC ";12;P;169;CEC KORHOGO 02;NULL
051;CESP;12;P;29;CESP DOROPO;NULL
052;"CER ";12;P;36;CER BERE (MANKONO);NULL
053;CESP;12;P;15;CESP SOMINASSE;NULL
054;"CEC ";12;P;90;CEC ABOBO 09;NULL
055;"CEC ";12;P;91;CEC ABOBO 07;NULL
056;CESP;12;P;78;CESP GABIADJI;NULL
057;"CER ";12;P;10;CER FOLON (MINIGNAN);NULL
058;CESP;12;P;11;CESP EBILASSOKRO;NULL
059;"CEC ";12;P;112;CEC BOUAKE 04;NULL
060;"CED ";12;P;8;CED SAMATIGUILA;NULL
061;"CED ";12;P;42;CED BIANKOUMA;NULL
062;CESP;12;P;17;CESP VOUEBOUFLA;NULL
063;"CER ";12;P;39;CER GBOKLE (SASSANDRA);NULL
064;"CED ";12;P;50;CED GRAND-BASSAM;NULL
065;CESP;12;P;20;CESP OUYABLY-GNANDROU;NULL
066;"CED ";12;P;34;CED BLOLEQUIN;NULL
067;"CEC ";12;P;119;CEC ABOBO 01;NULL
068;"CED ";12;P;88;CED ISSIA;NULL
069;CESP;12;P;55;CESP ADZOPE;NULL
070;CESP;12;P;17;CESP ZARANOU;NULL
071;CESP;12;P;26;CESP BONDOUKOU;NULL
072;CESP;12;P;56;CESP BEDIALA;NULL
073;CESP;12;P;18;CESP BILIMONO;NULL
074;CESP;12;P;18;CESP GUITRY;NULL
075;"CED ";12;P;29;CED DIDIEVI;NULL
076;"CEC ";12;P;129;CEC YOPOUGON 04;NULL
077;"CED ";12;P;41;CED TIASSALE;NULL
078;CESP;12;P;81;CESP OKROUYO;NULL
079;CESP;12;P;15;CESP NIEMENE;NULL
080;CESP;12;N;32;CESP ZEO;NULL
081;CESP;12;P;79;CESP SAIOUA;NULL
082;CESP;12;N;20;CESP BONGUERA;NULL
083;"CED ";12;N;29;CED MBAHIAKRO;NULL
084;CESP;12;P;23;CESP KOUN-FAO;NULL
085;CESP;12;P;17;CESP TIEDIO;NULL
086;CESP;12;V;14;CESP GUINGLO-TAHOUAKE;NULL
087;CESP;12;P;16;CESP LOVIGUIE;NULL
088;"CED ";12;P;16;CED TAI;NULL
089;CESP;12;P;26;CESP GOUMERE;NULL
090;CESP;12;P;23;CESP GUESSIGUIE;NULL
091;CESP;12;P;18;CESP GRIHIRI;NULL
092;CESP;12;P;40;CESP ZIKISSO;NULL
093;"CED ";12;P;32;CED ZOUKOUGBEU;NULL
094;CESP;12;P;25;CESP GOULIA;NULL
095;CESP;12;P;12;CESP KANIASSO;NULL
096;CESP;12;P;24;CESP TANDA;NULL
097;CESP;12;P;33;CESP TOUMOUKRO;NULL
098;"CED ";12;P;18;CED NIAKARAMADOUGOU;NULL
099;CESP;12;P;6;CESP FRESCO;NULL
100;CESP;12;P;16;CESP EBONOU;NULL
101;CESP;12;P;61;CESP DIEGONEFLA;NULL
102;"CEC ";12;P;86;CEC COCODY 01;NULL
103;CESP;12;P;12;CESP TIMBE;NULL
104;CESP;12;P;8;CESP KOUIBLY;NULL
105;CESP;12;P;31;CESP SAKASSOU;NULL
106;"CED ";12;P;21;CED GUEYO;NULL
107;CESP;12;P;44;CESP TIENINGBOUE;NULL
108;CESP;12;P;41;CESP BOUNA;NULL
109;"CER ";12;P;35;CER BOUNKANI (BOUNA);NULL
110;"CER ";12;P;60;CER SAN-PEDRO (SAN-PEDRO);NULL
111;CESP;12;P;22;CESP DIKODOUGOU;NULL
112;"CED ";12;P;30;CED TOULEPLEU;NULL
113;CESP;12;P;13;CESP TOGONIERE;NULL
114;CESP;12;P;35;CESP NIOFOIN;NULL
115;CESP;12;P;27;CESP MAFERE;NULL
116;"CED ";12;P;52;CED AGNIBILEKROU;NULL
117;CESP;12;P;48;CESP LILIYO;NULL
118;CESP;12;P;15;CESP DOKE;NULL
119;CESP;12;P;24;CESP TABAGNE;NULL
120;CESP;12;P;15;CESP SAMATIGUILA;NULL
121;CERD;12;P;12;CERD SENEGAL;NULL
122;CESP;12;P;15;CESP ETTUEBOUE;NULL
123;"CED ";12;V;30;CED BOCANDA;NULL
124;CESP;12;P;12;CESP KATIOLA;NULL
125;"CER ";12;N;90;CER IFFOU (DAOUKRO);NULL
126;"CED ";12;P;20;CED SEGUELON;NULL
127;CESP;12;P;41;CESP SARHALA;NULL
128;"CED ";12;P;29;CED TRANSUA;NULL
129;CESP;12;P;30;CESP GRAND-LAHOU;NULL
130;"CEC ";12;P;123;CEC ADJAME 01;NULL
131;CESP;12;P;55;CESP OUME;NULL
132;CESP;12;P;6;CESP FENGOLO;NULL
133;CESP;12;P;21;CESP ISSIA;NULL
134;"CED ";12;P;29;CED FACOBLY;NULL
135;CESP;12;P;49;CESP LAKOTA;NULL
136;CESP;12;V;20;CESP KOUADIOBLEKRO;NULL
137;CESP;12;P;14;CESP BOAHIA;NULL
138;CESP;12;N;15;CESP DJEKANOU;NULL
139;"CED ";12;N;23;CED KOUASSI-KOUASSIKRO;NULL
140;"CED ";12;P;22;CED KOUN-FAO;NULL
141;CESP;12;P;28;CESP KOMBORODOUGOU;NULL
142;"CED ";12;N;43;CED TIEBISSOU;NULL
143;CESP;12;P;44;CESP GRAND-MORIE;NULL
144;CESP;12;P;63;CESP GRAND-ZATRY;NULL
145;"CER ";12;P;159;CER LOH-DJIBOUA (DIVO);NULL
146;CESP;12;P;24;CESP BONIEREDOUGOU;NULL
147;CESP;12;P;14;CESP TIEME;NULL
148;CESP;12;P;23;CESP SIKOLO;NULL
149;"CED ";12;P;73;CED OUME;NULL
150;CESP;12;P;17;CESP BONGO;NULL
151;CESP;12;P;88;CESP DIVO;NULL
152;CESP;12;P;22;CESP TORTIYA;NULL
153;CESP;12;P;28;CESP MARANDALAH;NULL
154;CESP;12;P;21;CESP BAGOHOUO;NULL
155;CESP;12;P;25;CESP GOMON;NULL
156;CESP;12;P;49;CESP DABAKALA;NULL
157;"CED ";12;P;22;CED DABAKALA;NULL
158;CESP;12;P;9;CESP GUEZON-FACOBLY;NULL
159;CESP;12;P;29;CESP GONATE;NULL
160;CESP;12;P;15;CESP KONG;NULL
161;CESP;12;P;26;CESP KOSSOU;NULL
162;CESP;12;P;26;CESP AGBOVILLE;NULL
163;"CEC ";12;P;126;CEC MARCORY 02;NULL
164;"CED ";12;N;50;CED MBATTO;NULL
165;CERD;12;P;8;CERD CANADA;NULL
166;CESP;12;P;33;CESP TOUBA;NULL
167;"CED ";12;P;8;CED KANIASSO;NULL
168;CESP;12;P;27;CESP DANANE;NULL
169;CESP;12;P;27;CESP GOULALEU;NULL
170;CESP;12;P;28;CESP DABOUYO;NULL
171;CESP;12;P;19;CESP YAKASSE-ATTOBROU;NULL
172;CESP;12;V;25;CESP LOMOKANKRO;NULL
173;CESP;12;P;5;CESP TOUMODI-SAKASSOU;NULL
174;CESP;12;P;23;CESP BIANOUAN;NULL
175;CESP;12;P;24;CESP AHOUANOU;NULL
176;"CED ";12;P;30;CED BUYO;NULL
177;CESP;12;P;11;CESP SAPLI-SEPINGO;NULL
178;CESP;12;P;45;CESP SOROBANGO;NULL
179;CESP;12;P;36;CESP ZAGNE;NULL
180;CESP;12;P;33;CESP DIANRA-VILLAGE;NULL
181;"CEC ";12;P;90;CEC COCODY 05;NULL
182;CESP;12;P;24;CESP MAHANDIANA;NULL
183;CESP;12;P;7;CESP SIKENSI;NULL
184;CESP;12;P;13;CESP FACOBLY;NULL
185;CESP;12;P;28;CESP BIN-HOUYE;NULL
186;CESP;12;P;78;CESP BAYOTA;NULL
187;CESP;12;P;11;CESP OUANGOLODOUGOU;NULL
188;CESP;12;P;18;CESP BEGBESSOU;NULL
189;"CEC ";12;P;142;CEC TREICHVILLE;NULL
190;CESP;12;P;12;CESP NIDROU;NULL
191;CESP;12;P;16;CESP DIOULATIEDOUGOU;NULL
192;"CED ";12;P;29;CED FRESCO;NULL
193;CESP;12;P;40;CESP TEAPLEU;NULL
194;CESP;12;N;36;CESP ANDE;NULL
195;"CEC ";12;P;92;CEC ABOBO 08;NULL
196;CESP;12;P;34;CESP MORONDO;NULL
197;CESP;12;P;36;CESP MOROKRO;NULL
198;CERD;12;P;7;CERD BURKINA FASO;NULL
199;CESP;12;N;27;CESP BENGASSOU;NULL
200;CESP;12;P;7;CESP PINDA-BOROKO;NULL
201;CESP;12;P;31;CESP TENGRELA;NULL
202;CESP;12;P;25;CESP GUEPAHOUO;NULL
203;CESP;12;P;10;CESP MEO;NULL
204;CESP;12;P;20;CESP TAOUDI;NULL
205;CESP;12;P;21;CESP SAMANGO;NULL
206;CESP;12;P;13;CESP KANI;NULL
207;"CEC ";12;P;73;CEC PLATEAU 02;NULL
208;CESP;12;P;35;CESP KOONAN;NULL
209;CESP;12;P;12;CESP MINIGNAN;NULL
210;CESP;12;P;19;CESP SEMIEN;NULL
211;CESP;12;P;63;CESP FERKESSEDOUGOU;NULL
212;CESP;12;P;27;CESP NIABLE;NULL
213;"CEC ";12;P;119;CEC BOUAKE 02;NULL
214;"CEC ";12;P;111;CEC ABOBO 03;NULL
215;"CEC ";12;P;135;CEC YOPOUGON 01;NULL
216;CESP;12;V;21;CESP BOTRO;NULL
217;"CEC ";12;P;97;CEC ATTECOUBE 01;NULL
218;"CEC ";12;P;115;CEC KOUMASSI 01;NULL
219;CESP;12;P;23;CESP DUFREBO;NULL
220;CESP;12;P;17;CESP GBAGBAM;NULL
221;CERD;12;P;9;CERD GRANDE-BRETAGNE;NULL
222;"CED ";12;P;75;CED AKOUPE;NULL
223;CESP;12;P;24;CESP TIENKO;NULL
224;"CED ";12;P;25;CED PRIKRO;NULL
225;CESP;12;P;30;CESP YAKASSE-FEYASSE;NULL
226;CESP;12;P;31;CESP SINEMATIALI;NULL
227;CESP;12;N;46;CESP BOCANDA;NULL
228;"CEC ";12;P;161;CEC ADJAME 02;NULL
229;CESP;12;P;19;CESP KORO;NULL
230;CESP;12;P;10;CESP NIEDIEKAHA;NULL
231;CESP;12;P;17;CESP BOUNDIALI;NULL
232;CESP;12;P;21;CESP DIGNAGO;NULL
233;"CED ";12;N;23;CED ATTIEGOUAKRO;NULL
234;CESP;12;P;15;CESP PACCOBO;NULL
235;"CEC ";12;P;68;CEC SAN-PEDRO 02;NULL
236;CESP;12;P;44;CESP DANIA;NULL
237;CESP;12;P;35;CESP FOUNGBESSO;NULL
238;CESP;12;N;22;CESP NZECREZESSOU;NULL
239;CESP;12;N;35;CESP TIEMELEKRO;NULL
240;CESP;12;P;41;CESP OGOUDOU;NULL
241;CESP;12;P;26;CESP TAFIRE;NULL
242;CESP;12;P;17;CESP ANDO-KEKRENOU;NULL
243;"CEC ";12;P;137;CEC DALOA 02;NULL
244;"CEC ";12;P;86;CEC YOPOUGON 05;NULL
245;CESP;12;P;16;CESP OLODIO;NULL
246;CESP;12;P;34;CESP KASSERE;NULL
247;CESP;12;P;75;CESP VAVOUA;NULL
248;CESP;12;N;21;CESP BETTIE;NULL
249;CESP;12;P;27;CESP SEILEU;NULL
250;CESP;12;P;11;CESP APPIMANDOUM;NULL
251;CESP;12;N;24;CESP BONGOUANOU;NULL
252;"CED ";12;P;34;CED JACQUEVILLE;NULL
253;CESP;12;P;28;CESP GNAGBODOUGNOA;NULL
254;CESP;12;P;16;CESP ADJOUAN;NULL
255;CESP;12;P;75;CESP GRAND-BASSAM;NULL
256;CESP;12;P;23;CESP FOUMBOLO;NULL
257;CESP;12;V;36;CESP ZOU;NULL
258;CESP;12;P;75;CESP GBOGUHE;NULL
259;"CEC ";12;P;115;CEC YOPOUGON 09;NULL
260;CESP;12;P;28;CESP TIENKOIKRO;NULL
261;CESP;12;P;25;CESP DABOU;NULL
262;CESP;12;P;34;CESP NAMANE;NULL
263;"CED ";12;P;65;CED ZOUAN-HOUNIEN;NULL
264;CERD;12;P;5;CERD BELGIQUE;NULL
265;"CED ";12;P;35;CED GRAND-LAHOU;NULL
266;"CER ";12;P;72;CER BELIER (TOUMODI);NULL
267;"CEC ";12;P;121;CEC YOPOUGON 03;NULL
268;CESP;12;P;5;CESP ZOUKOUGBEU;NULL
269;CESP;12;P;53;CESP GNAMANGUI;NULL
270;"CED ";12;P;21;CED DOROPO;NULL
271;CESP;12;P;38;CESP KARAKORO;NULL
272;CESP;12;P;37;CESP ADAOU;NULL
273;CESP;12;P;52;CESP GADOUAN;NULL
274;CESP;12;P;43;CESP ZUENOULA;NULL
275;CESP;12;P;30;CESP TANKESSE;NULL
276;CESP;12;P;32;CESP BUYO;NULL
277;CESP;12;P;29;CESP DAKPADOU;NULL
278;CESP;12;P;63;CESP OURAGAHIO;NULL
279;CESP;12;P;20;CESP SATAMA-SOKORO;NULL
280;CESP;12;P;38;CESP AFFERY;NULL
281;"CED ";12;P;36;CED MBENGUE;NULL
282;CESP;12;P;21;CESP BOROTOU;NULL
283;"CEC ";12;P;77;CEC KOUMASSI 04;NULL
284;CESP;12;P;8;CESP ADIAKE;NULL
285;CESP;12;P;15;CESP SANDEGUE;NULL
286;CERD;12;P;3;CERD ALLEMAGNE;NULL
287;CESP;12;P;12;CESP BOUGOUSSO;NULL
288;CESP;12;P;18;CESP ONDEFIDOUO;NULL
289;CESP;12;P;16;CESP MADINANI;NULL
290;CESP;12;P;15;CESP ODIENNE;NULL
291;"CER ";12;P;105;CER GRANDS-PONTS (DABOU);NULL
292;CESP;12;P;46;CESP DIMBOKRO;NULL
293;CESP;12;P;83;CESP GRAND-BEREBY;NULL
294;"CEC ";12;P;125;CEC YAMOUSSOUKRO 02;NULL
295;CESP;12;P;17;CESP KOUTOUBA;NULL
296;"CED ";12;P;19;CED NASSIAN;NULL
297;CESP;12;P;19;CESP ZAIBO;NULL
298;CESP;12;P;18;CESP GANAONI;NULL
299;CESP;12;P;24;CESP AYAME;NULL
300;CESP;12;P;17;CESP SOKALA-SOBARA;NULL
301;"CER ";12;P;92;CER NZI (DIMBOKRO);NULL
302;"CED ";12;P;17;CED SANDEGUE;NULL
303;CESP;12;P;29;CESP KOUTO;NULL
304;CESP;12;P;35;CESP YAMOUSSOUKRO;NULL
305;CESP;12;P;40;CESP OUANINOU;NULL
306;CESP;12;P;31;CESP GUEZON-DUEKOUE;NULL
307;"CED ";12;P;47;CED SINEMATIALI;NULL
308;"CEC ";12;P;105;CEC KOUMASSI 02;NULL
309;CESP;12;P;23;CESP NAHIO;NULL
310;CESP;12;P;53;CESP DJEBONOUA;NULL
311;"CED ";12;P;44;CED GUITRY;NULL
312;CESP;12;P;34;CESP ZAGUIETA;NULL
313;CESP;12;P;71;CESP GAGNOA;NULL
314;CESP;12;P;36;CESP DIBRI-ASRIKRO;NULL
315;CERD;12;P;11;CERD MALI;NULL
316;CESP;12;P;31;CESP DANGUIRA;NULL
317;CESP;12;P;36;CESP AGOU;NULL
318;CESP;12;P;67;CESP MAHAPLEU;NULL
319;CESP;12;P;35;CESP BOUANDOUGOU;NULL
320;CESP;12;P;19;CESP NIAKARAMADOUGOU;NULL
321;CESP;12;P;18;CESP KOUAKRO;NULL
322;CERD;12;P;3;CERD SUISSE;NULL
323;CESP;12;P;17;CESP BOGOUINE;NULL
324;CESP;12;P;23;CESP LATAHA;NULL
325;"CER ";12;N;59;CER MORONOU (BONGOUANOU);NULL
326;CESP;12;P;20;CESP AMELEKIA;NULL
327;CESP;12;P;6;CESP DEBETE;NULL
328;CESP;12;P;43;CESP DOBA;NULL
329;CESP;12;P;23;CESP JACQUEVILLE;NULL
330;CESP;12;P;42;CESP GOHITAFLA;NULL
331;"CED ";12;P;20;CED KANI;NULL
332;"CEC ";12;P;87;CEC COCODY 02;NULL
333;CESP;12;P;32;CESP ASSIKOI;NULL
334;"CEC ";12;P;79;CEC PLATEAU 01;NULL
335;CESP;12;P;119;CESP BONOUA;NULL
336;CESP;12;P;55;CESP MBAHIAKRO;NULL
337;"CED ";12;P;38;CED ALEPE;NULL
338;CESP;12;P;12;CESP YAOU;NULL
339;"CER ";12;P;62;CER KABADOUGOU (ODIENNE);NULL
340;"CED ";12;P;78;CED SINFRA;NULL
341;CESP;12;P;13;CESP NOE;NULL
342;"CED ";12;N;19;CED BETTIE;NULL
343;CESP;12;P;16;CESP SATAMA-SOKOURA;NULL
344;"CED ";12;P;63;CED MEAGUI;NULL
345;"CEC ";12;P;92;CEC KOUMASSI 03;NULL
346;CESP;12;P;24;CESP GBOLOUVILLE;NULL
347;CESP;12;P;40;CESP LOGOUALE;NULL
348;CESP;12;P;19;CESP KREGBE;NULL
349;CESP;12;P;12;CESP TOUGBO;NULL
350;CESP;12;P;11;CESP TIBEITA;NULL
351;CESP;12;P;10;CESP SEYDOUGOU;NULL
352;CESP;12;P;8;CESP BAHOUAKAHA;NULL
353;CESP;12;P;13;CESP DUALLA;NULL
354;CESP;12;P;10;CESP NOUAMOU;NULL
355;CESP;12;P;34;CESP IBOGUHE;NULL
356;"CEC ";12;P;99;CEC BOUAKE 05;NULL
357;CESP;12;P;10;CESP AYAOU-SRAN;NULL
358;CESP;12;P;24;CESP ZANZRA;NULL
359;CESP;12;N;25;CESP NGUESSANKRO;NULL
360;CESP;12;P;37;CESP NIAMBEZARIA;NULL
361;CESP;12;P;15;CESP YOROBODI;NULL
362;CESP;12;P;9;CESP SOHOUO;NULL
363;CESP;12;P;8;CESP TAI;NULL
364;CESP;12;P;36;CESP AZAGUIE;NULL
365;CESP;12;P;27;CESP KOFFI-AMONKRO;NULL
366;CESP;12;N;36;CESP LOLOBO;NULL
367;CESP;12;P;8;CESP DIMANDOUGOU;NULL
368;"CEC ";12;P;175;CEC PORT-BOUET 01;NULL
369;"CEC ";12;P;74;CEC SAN-PEDRO 01;NULL
370;CESP;12;P;62;CESP MBENGUE;NULL
371;CESP;12;P;25;CESP GUESSABO;NULL
372;CESP;12;P;68;CESP HIRE;NULL
373;CERD;12;P;23;CERD ITALIE;NULL
374;CESP;12;P;26;CESP SIPILOU;NULL
375;CESP;12;V;41;CESP LANGUIBONOU;NULL
376;CESP;12;P;46;CESP GBONNE;NULL
377;CESP;12;P;22;CESP TAABO;NULL
378;CESP;12;P;20;CESP LAUZOUA;NULL
379;CESP;12;P;25;CESP BADIKAHA;NULL
380;"CEC ";12;P;141;CEC ATTECOUBE 02;NULL
381;"CEC ";12;P;114;CEC YAMOUSSOUKRO 01;NULL
382;CESP;12;P;18;CESP BORON;NULL
383;CESP;12;P;35;CESP MOLONOU-BLE;NULL
384;CESP;12;P;12;CESP DUEKOUE;NULL
385;CERD;12;P;13;CERD MAROC;NULL
386;CESP;12;P;20;CESP ORESS-KROBOU;NULL
387;CESP;12;P;23;CESP ANIASSUE;NULL
388;CESP;12;P;17;CESP ABOISSO;NULL
389;"CEC ";12;P;78;CEC YOPOUGON 10;NULL
390;CESP;12;P;65;CESP NAPIE;NULL
391;CESP;12;P;20;CESP BASSAWA;NULL
392;CESP;12;P;35;CESP BEOUMI;NULL
393;"CED ";12;P;28;CED KOUIBLY;NULL
394;CESP;12;P;30;CESP ANYAMA;NULL
395;CESP;12;P;31;CESP KONGASSO;NULL
396;"CED ";12;P;41;CED TANDA;NULL
397;"CED ";12;P;8;CED TIAPOUM;NULL
398;CESP;12;P;21;CESP ZOUAN-HOUNIEN;NULL
399;"CEC ";12;P;107;CEC YOPOUGON 02;NULL
400;CESP;12;P;44;CESP ALEPE;NULL
401;CESP;12;P;21;CESP BONDO;NULL
402;"CED ";12;P;30;CED KONG;NULL
403;"CEC ";12;P;99;CEC COCODY 06;NULL
404;CESP;12;N;20;CESP KOUASSI-KOUASSIKRO;NULL
405;"CEC ";12;P;104;CEC YOPOUGON 06;NULL
406;"CEC ";12;P;77;CEC MAN 01;NULL
407;CESP;12;P;8;CESP ARRIKOKAHA;NULL
408;CESP;12;V;30;"CESP TIEBISSOU ";NULL
409;CESP;12;P;22;CESP SIEMPURGO;NULL
410;CESP;12;P;47;CESP OUPOYO;NULL
411;CERD;12;P;89;CERD FRANCE;NULL
412;CESP;12;P;45;CESP KORHOGO;NULL
413;CESP;12;V;9;CESP BANGOLO;NULL
414;CERD;12;P;10;CERD TUNISIE;NULL
415;"CER ";12;P;103;CER MARAHOUE (BOUAFLE);NULL
416;CESP;12;P;26;CESP FRONAN;NULL
417;CESP;12;P;70;CESP BONON;NULL
418;CESP;12;P;47;CESP BODOKRO;NULL
419;"CED ";12;P;32;CED ADIAKE;NULL
420;CESP;12;P;23;CESP BROFODOUME;NULL
421;CESP;12;P;9;CESP NGOLOBLASSO;NULL
422;CERD;12;P;17;CERD ETATS UNIS;NULL
423;CESP;12;P;19;CESP GUEYO;NULL
424;CESP;12;P;9;CESP NASSIAN;NULL
425;CESP;12;P;13;CESP TEHINI;NULL
426;"CED ";12;P;12;CED TEHINI;NULL
427;CESP;12;P;20;CESP GREGBEU;NULL
428;CESP;12;P;6;CESP GBELEBAN;NULL
429;CESP;12;P;31;CESP KOKUMBO;NULL
430;CESP;12;P;16;CESP BANNEU;NULL
431;"CER ";12;P;118;CER GUEMON (DUEKOUE);NULL
432;"CEC ";12;P;113;CEC YOPOUGON 07;NULL
433;CERD;12;P;13;CERD GABON;NULL
434;CESP;12;P;47;CESP SASSANDRA;NULL
435;CESP;12;P;20;CESP ASSINIE-MAFIA;NULL
436;"CED ";12;P;36;CED ARRAH;NULL
437;CESP;12;P;22;CESP YOCOBOUE;NULL
438;CESP;12;V;20;"CESP YAKPABO-SAKASSOU ";NULL
439;CESP;12;N;12;CESP DAOUKRO;NULL
440;CESP;12;P;77;CESP BROBO;NULL
441;CESP;12;P;30;CESP SAN-PEDRO;NULL
442;CESP;12;P;18;CESP PODIAGOUINE;NULL
443;"CED ";12;P;18;CED KOUTO;NULL
444;"CED ";12;P;22;CED OUANINOU;NULL
445;"CED ";12;P;14;CED SIPILOU;NULL
446;CESP;12;P;23;CESP GUIEMBE;NULL
447;"CER ";12;P;82;CER CAVALLY (GUIGLO);NULL
448;"CED ";12;P;43;CED YAKASSE-ATTOBROU;NULL
449;"CED ";12;P;43;CED TENGRELA;NULL
450;CESP;12;P;34;CESP WOROFLA;NULL
451;CESP;12;N;43;CESP ETTROKRO;NULL
452;CESP;12;P;44;CESP PRIKRO;NULL
453;"CEC ";12;P;100;CEC ABOBO 06;NULL
454;CESP;12;P;22;CESP MAMINIGUI;NULL
455;CESP;12;P;25;CESP DIDOKO;NULL
456;CESP;12;P;82;CESP BOUAFLE;NULL
457;CESP;12;P;14;CESP TIAPOUM;NULL
458;CESP;12;P;18;CESP CECHI;NULL
459;CERD;12;P;3;CERD AFFRIQUE DU SUD;NULL
460;CESP;12;P;13;CESP PAKOUABO;NULL
461;"CER ";12;P;88;CER SUD-COMOE (ABOISSO);NULL
462;CESP;12;P;16;CESP BECOUEFIN;NULL
463;"CED ";12;P;60;CED SAKASSOU;NULL
464;CESP;12;P;20;CESP BECEDI-BRIGNAN;NULL
465;CESP;12;P;32;CESP SANGOUINE;NULL
466;CESP;12;P;34;CESP DAPEOUA;NULL
467;CESP;12;P;59;CESP GUIBEROUA;NULL
468;"CED ";12;P;52;CED BEOUMI;NULL
469;"CED ";12;N;38;CED BOTRO;NULL
470;"CER ";12;P;64;CER TCHOLOGO (FERKESSEDOUGOU);NULL
471;CESP;12;P;13;CESP AKOBOISSUE;NULL
472;CESP;12;P;14;CESP DAME;NULL
473;"CED ";12;V;45;CED BANGOLO;NULL
474;CESP;12;P;27;CESP GUEHIEBLY;NULL
475;CESP;12;P;23;CESP SERIHIO;NULL
476;CESP;12;P;30;CESP NIELLE;NULL
477;CESP;12;N;40;CESP OUELLE;NULL
478;CESP;12;P;18;CESP KANOROBA;NULL
479;"CER ";12;P;37;CER BAFING (TOUBA);NULL
480;CESP;12;P;35;CESP TABOU;NULL
481;CESP;12;P;7;CESP TOULEPLEU;NULL
482;CESP;12;P;18;CESP GBON-HOUYE;NULL
483;"CEC ";12;P;109;CEC MARCORY 01;NULL
484;CESP;12;P;24;CESP GRABO;NULL
485;CESP;12;P;42;CESP DAIRO-DIDIZO;NULL
486;CESP;12;N;22;CESP MBATTO;NULL
487;"CEC ";12;P;89;CEC ABOBO 02;NULL
488;"CEC ";12;P;99;CEC BOUAKE 03;NULL
489;"CEC ";12;P;116;CEC COCODY 04;NULL
490;CESP;12;P;19;CESP GBANGBEGOUINE-YATI;NULL
491;"CER ";12;P;88;CER GONTOUGO (BONDOUKOU);NULL
492;CESP;12;P;39;CESP LAOUDI-BA;NULL
493;CESP;12;P;38;CESP SAGO;NULL
494;"CER ";12;P;169;CER GOH (GAGNOA);NULL
495;CESP;12;P;139;CESP BINGERVILLE;NULL
496;CESP;12;P;11;CESP TIOBLY;NULL
497;"CEC ";12;P;178;CEC BOUAKE 01;NULL
498;CESP;12;P;4;CESP AGNIBILEKROU;NULL
499;CESP;12;P;12;CESP KONDROBO;NULL
500;CESP;12;P;25;CESP KPOUEBO;NULL
501;CESP;12;P;14;CESP AMANVI;NULL
502;"CED ";12;P;19;CED DIKODOUGOU;NULL
503;CESP;12;P;30;CESP SOUBRE;NULL
504;"CEC ";12;P;176;CEC ANYAMA;NULL
505;"CED ";12;P;80;CED DANANE;NULL
506;"CED ";12;N;17;CED DJEKANOU;NULL
507;CERD;12;P;7;CERD GUINEE;NULL
508;CESP;12;P;44;CESP GUIGLO;NULL
509;CESP;12;P;16;CESP KOUMBALA;NULL
510;CESP;12;P;29;CESP DJOUROUTOU;NULL
511;CESP;12;P;20;CESP KONI;NULL
512;CESP;12;P;28;CESP DIDIEVI;NULL
513;CESP;12;N;24;CESP ANOUMABA;NULL
514;CESP;12;P;30;CESP DAHIRI;NULL
515;CESP;12;P;21;CESP ATTOUTOU;NULL
516;"CER ";12;P;42;CER WORODOUGOU (SEGUELA);NULL
517;CESP;12;P;16;CESP TOTRODOU;NULL
518;CESP;12;N;23;CESP ANANDA;NULL
519;CESP;12;P;28;CESP MASSALA;NULL
520;CESP;12;P;24;CESP GBAPLEU;NULL
521;CESP;12;P;21;CESP BACANDA;NULL
522;CESP;12;P;25;CESP TRANSUA;NULL
523;CESP;12;P;18;CESP TOUMODI;NULL
524;"CEC ";12;P;151;CEC PORT-BOUET 02;NULL
525;CESP;12;P;43;CESP RUBINO;NULL
526;CESP;12;P;17;CESP ANGODA;NULL
527;CESP;12;P;54;CESP KONONFLA;NULL
528;CESP;12;P;19;CESP GUINTEGUELA;NULL
529;"CER ";12;P;103;CER INDENIE-DJUABLIN (ABENGOUROU);NULL
530;CESP;12;P;29;CESP KOLIA;NULL
531;CESP;12;P;18;CESP OGWHLAPO;NULL
532;CESP;12;V;22;CESP DIEOUZON;NULL
533;CESP;12;P;23;CESP KOUETINFLA;NULL
534;"CEC ";12;P;67;CEC MAN 02;NULL
535;CESP;12;P;29;CESP ARRAH;NULL
536;CESP;12;P;22;CESP BOGUEDIA;NULL
537;CESP;12;P;23;CESP MANKONO;NULL
538;CESP;12;P;22;CESP BAZRE;NULL
539;CESP;12;P;42;CESP SEITIFLA;NULL
540;CESP;12;P;44;CESP MAN;NULL
541;CESP;12;P;66;CESP DALOA;NULL
542;CESP;12;P;28;CESP KOUAN-HOULE;NULL
543;CESP;12;P;30;CESP SINFRA;NULL
544;"CEC ";12;P;88;CEC YOPOUGON 08;NULL
545;CERD;12;P;3;CERD ESPAGNE;NULL
546;CESP;12;P;36;CESP KOUASSI-DATEKRO;NULL
547;"CED ";12;P;14;CED KORO;NULL
548;CESP;12;P;35;CESP ASSUEFRY;NULL
549;"CED ";12;P;63;CED LAKOTA;NULL
550;CESP;12;P;47;CESP BLOLEQUIN;NULL
551;CESP;12;P;50;CESP BOOKO;NULL
552;CESP;12;P;18;CESP DIANRA;NULL
553;"CED ";12;P;35;CED OUANGOLODOUGOU;NULL
554;"CER ";12;P;108;CER AGNEBY-TIASSA (AGBOVILLE);NULL
555;CERD;12;P;10;CERD GHANA;NULL
556;CESP;12;P;94;CESP SONGON;NULL
557;"CED ";12;P;16;CED KOUNAHIRI;NULL
558;CESP;12;P;29;CESP DALEU;NULL
559;CESP;12;P;35;CESP LOPOU;NULL
560;"CED ";12;P;56;CED SIKENSI;NULL
561;CESP;12;P;8;CESP NGANON;NULL
562;"CEC ";12;P;126;CEC COCODY 03;NULL
563;CESP;12;P;57;CESP NDOUCI;NULL
564;CESP;12;P;20;CESP GOUDOUKO;NULL
